{
  "trained_at": "2026-06-04T22:46:01.220544",
  "mlflow_run_id": "d8cd8bc6597f433cb91a1068598ecb23",
  "best_params": {
    "n_estimators": 423,
    "max_depth": 10,
    "learning_rate": 0.01011912766032014,
    "subsample": 0.9125541613693382,
    "colsample_bytree": 0.6021365309982182,
    "reg_alpha": 2.3566395007179315,
    "reg_lambda": 0.6644281693157313,
    "random_state": 42
  },
  "metrics": {
    "r2": 0.3354725191418899,
    "mae": 5.1062119930617085,
    "rmse": 6.493107552206852
  },
  "cv_metrics": {
    "r2_mean": 0.26391047822776037,
    "r2_std": 0.04613756546417152,
    "mae_mean": 5.333103883982469,
    "mae_std": 0.11114282476517562
  },
  "n_train": 1843,
  "n_features": 23
}