{
  "trained_at": "2026-06-06T14:39:05.872895",
  "mlflow_run_id": "326bacaed3224f218da2f94407b98de8",
  "best_params": {
    "n_estimators": 426,
    "max_depth": 10,
    "learning_rate": 0.010133882130853273,
    "subsample": 0.6403964826783772,
    "colsample_bytree": 0.9099259451452233,
    "reg_alpha": 2.1023427588616923,
    "reg_lambda": 3.8102638964275295,
    "random_state": 42
  },
  "metrics": {
    "r2": 0.3063907607083839,
    "mae": 5.202955856063995,
    "rmse": 6.633665348206305
  },
  "cv_metrics": {
    "r2_mean": 0.26554235232469986,
    "r2_std": 0.048079810844043426,
    "mae_mean": 5.334274375689479,
    "mae_std": 0.13739066787955748
  },
  "n_train": 1843,
  "n_features": 15
}