{
  "trained_at": "2026-06-05T23:13:59.674658",
  "mlflow_run_id": "760b576eb66e48a3ba7f71f29b1a3d16",
  "best_params": {
    "n_estimators": 611,
    "max_depth": 8,
    "learning_rate": 0.010145223039832466,
    "subsample": 0.7800763743000658,
    "colsample_bytree": 0.6415264916064201,
    "reg_alpha": 1.0253504958621518,
    "reg_lambda": 2.177039830020829,
    "random_state": 42
  },
  "metrics": {
    "r2": 0.3237577279920685,
    "mae": 5.158670604283041,
    "rmse": 6.550090212255225
  },
  "cv_metrics": {
    "r2_mean": 0.26703289036272404,
    "r2_std": 0.04984034092162473,
    "mae_mean": 5.333599771849565,
    "mae_std": 0.14004164556707693
  },
  "n_train": 1843,
  "n_features": 23,
  "target_min": 2.747,
  "target_max": 43.207
}